Building Id,Building Name,Metric,Units,Resolution,1,2,3,4,5,6,7,8,9,10,11,12
02699806-fbb9-4003-84e3-45083cedb250,CHSC,SDL/Window Radiation,kWh,Monthly,13810.6101823164,30369.2336979592,31878.8995983263,42759.3967992086,45853.4054438629,41781.9038888926,54609.025513546,50848.4518673475,51276.8875288293,26293.795680449,13269.4847428662,12907.1721483662
033f908b-c572-4787-8a9a-d1a66a713a0f,PBB,SDL/Window Radiation,kWh,Monthly,51790.8238219663,113694.350988401,124826.575160273,172624.514796127,187131.537614198,171318.175249424,224273.473755555,205101.292652894,200890.759180373,101801.702314402,50441.6072014565,46292.92400215
070c4c1d-a400-438f-830e-941ca7816c48,GNOM,SDL/Window Radiation,kWh,Monthly,19313.5490905933,42037.1074076307,48270.8942053053,68372.8528554811,75778.0896154952,70146.0064695155,92664.2146117545,81827.5654230556,76868.5565887807,38772.5077448016,19336.9227470392,15735.7139253683
08b9ee3c-ce3f-42b7-8aad-72fc54f9fa91,HST,SDL/Window Radiation,kWh,Monthly,62590.7592364077,129432.789759123,154205.41762988,223844.595020628,251660.529962401,232620.320391745,300333.408474526,266433.603867678,243827.177462161,122010.579241374,60958.4236427366,54952.086331281
19f4e1f6-da44-11ed-83b8-e520a6201abc,BIOE,SDL/Window Radiation,kWh,Monthly,11618.0480596697,24685.0817279303,28779.0932923474,41105.2316133581,45418.3992540261,42067.33162553,55196.5975299385,48696.2807071461,45708.9730197045,23086.3974671429,11612.2073613156,9352.84980658831
27f121a6-f0ba-4826-8049-9b0bb202997b,MSB,SDL/Window Radiation,kWh,Monthly,11140.7265816988,24343.3533548888,25934.1602437156,35483.4810376534,38349.5063973973,35030.6893324603,45751.1115873049,41970.9150833003,41716.0445909601,21311.7041411203,10719.8232789403,10347.6682649018
341c5d3c-a46d-4553-80d8-2c11b83e21dd,HSE,SDL/Window Radiation,kWh,Monthly,9597.67285453954,23507.610420823,23839.4529434228,30517.7299192543,31483.976066023,28229.3002244978,37019.3656810389,36004.4209852719,38917.9311560413,20216.1050655654,9447.39174090647,8806.41390350548
3aca682b-80b7-463c-8e32-725f2aedbf8f,HSC,SDL/Window Radiation,kWh,Monthly,10623.743657954,24130.7932829275,25578.9325739432,33830.8536977552,36315.1124335831,33236.9942245994,42381.0915407527,39719.4896807492,40668.5782880674,21255.4924390698,10309.8637886929,9828.49577917446
4290d91a-da44-11ed-83b8-e520a6201abc,OTS,SDL/Window Radiation,kWh,Monthly,344.821834691488,711.326376535895,861.536688871316,1240.58468388057,1379.0116317243,1257.87088233064,1636.0194451551,1491.70754655748,1366.10709162983,680.911850356361,337.358650496964,307.332984413482
4290d968-da44-11ed-83b8-e520a6201abc,HCK,SDL/Window Radiation,kWh,Monthly,11302.6682122272,25127.7425098337,29075.3176486924,41385.780730684,45966.270047278,42505.7841648929,56054.4276484704,49532.1656033667,46787.2088141222,23310.4790737733,11337.5725188586,9374.06658743696
4290daa8-da44-11ed-83b8-e520a6201abc,OSB,SDL/Window Radiation,kWh,Monthly,648.050862589209,1408.05371718831,1513.71005649947,2069.69110863255,2269.57513629198,2070.08195584188,2726.91207204644,2461.3887858438,2464.09011948702,1238.35617634213,623.864000477699,600.249344985464
42a706a2-da44-11ed-83b8-e520a6201abc,HSBB,SDL/Window Radiation,kWh,Monthly,29821.273758442,62525.5624167092,71161.361448884,102211.108394707,118132.214956468,110077.554183444,143940.00328298,124746.994945077,113686.321107314,56804.1050776482,28833.4421011057,24543.1665873574
42a706b4-da44-11ed-83b8-e520a6201abc,OCN,SDL/Window Radiation,kWh,Monthly,14258.5722084468,31084.2443654536,33775.6190976933,46123.1524206749,51262.3396575032,47464.9952301688,61609.6212326787,55143.9804020392,52975.0733672855,27578.9954740924,13935.3347182125,12852.0127610654
42a70703-da44-11ed-83b8-e520a6201abc,OTB,SDL/Window Radiation,kWh,Monthly,8990.05005368931,20064.5374686164,22364.733537954,31317.3665968495,34162.6525155227,31522.242344085,41668.1422793737,37247.6083936767,35912.5605568257,18214.0834562145,8989.87251157084,7281.01130147364
42a70783-da44-11ed-83b8-e520a6201abc,OTS2,SDL/Window Radiation,kWh,Monthly,1004.31601160507,2158.90391014195,2649.27652379811,3876.69585239777,4469.26973928456,4120.44097034483,5475.5946096266,4761.78326281792,4191.01224393483,2082.33631187123,1010.65002927302,822.381611917115
5125d8bc-99ef-4be7-838e-5689957b71e6,HSI,SDL/Window Radiation,kWh,Monthly,22626.6145523629,48640.7573105058,56176.9502267526,80095.9710337305,88216.9702156866,81211.9306512807,104851.519679011,94569.8996284378,89174.1399792535,45157.5102076429,22337.0896607089,19660.0412873338
68fcc08e-5cec-4700-8bba-bdfa0d2e303b,HSF,SDL/Window Radiation,kWh,Monthly,32241.5682427224,71415.9626656504,79998.6155902147,110445.158480758,119426.170191746,109391.324413278,143787.415919273,131431.576060385,127911.364433007,64675.1170042596,31944.4682068332,27584.515196724
7237b167-7d14-40a1-86a4-81e307587310,HSH,SDL/Window Radiation,kWh,Monthly,32265.7311822207,72574.7204474965,79886.7300685336,110063.251657846,117649.492879841,106648.394087117,141544.299344037,131916.615364313,131059.621206356,64850.3723427051,31479.836777194,29154.4030264032
81d62c4f-2c6c-4a71-9a6b-295a722484bc,UMSP,SDL/Window Radiation,kWh,Monthly,46751.878860498,106266.332803464,117025.577554357,166806.173124314,182359.524915788,167406.063834134,223276.469117977,201380.18612529,195875.436762657,95641.6940846493,46020.8621303188,39280.464192732
841ea18d-f130-4b55-97e0-f9534a41012b,SOCC,SDL/Window Radiation,kWh,Monthly,22175.6078699393,49517.7060803792,55581.2659828783,78063.1647367069,86851.3514593153,79112.252592154,105672.284644413,95582.2626385611,90676.8636956783,44833.3412497747,21743.6618307741,20188.5817529392
8780edad-1392-4ffc-9e0d-fdac29cc5cf4,HSJ,SDL/Window Radiation,kWh,Monthly,17761.5489871468,35861.3231156992,45135.2720662433,67454.2078260291,78037.4310285637,73048.2405877939,95946.1673383283,81847.5978654047,70870.9654420165,35159.9231943507,17795.9760298035,14228.884745131
88bba704-118d-45ff-b2b8-2ecfc8055bdb,HHL,SDL/Window Radiation,kWh,Monthly,10056.2949426118,22090.4893689031,25088.6211568978,35470.2352659019,38997.7815623248,35998.7070817651,47598.1686055594,42501.9338185461,40566.5361232294,20282.3383798584,9982.22869485126,8466.29300141068
8b892b41-0fb8-4eea-bc5c-99c7c79673fd,OSS,SDL/Window Radiation,kWh,Monthly,928.641807648116,1997.03072234028,2129.34587795821,2891.60389388401,3236.43065521599,2940.20311224062,3906.55552098726,3516.02945684192,3454.22383420759,1744.03216034363,879.505555274891,892.012059681625
ba8e8648-6f02-49f5-869b-9b071fa090ee,HSG,SDL/Window Radiation,kWh,Monthly,12683.6142580694,28397.3172717144,31991.7123795529,44066.2579174821,48485.7757158367,44466.6993139348,57864.4431796271,53031.21429588,51443.3275806361,25978.9193691749,12422.9103109691,11356.2850014171
c38c3e8e-b31b-467f-814e-ca5f4a97fa85,HSK,SDL/Window Radiation,kWh,Monthly,43676.5505749398,101210.155815567,102934.853139471,136263.593012682,143201.393310499,127454.855405602,172406.284589079,165827.894959195,173302.688428887,85812.4198534827,41577.3828634142,43309.2455088409
c5324f6f-c35d-48f4-8546-48a065adce22,CHCL,SDL/Window Radiation,kWh,Monthly,14594.5775565553,31929.2982351537,34442.4603646006,47178.0293549102,51350.5245066328,47049.2656728782,61831.1594011183,56484.4531671171,54385.5898064323,28159.728816967,14342.7932762351,12494.1923384787
c58b73ef-8527-4d04-847c-52722fc28cc8,SPG,SDL/Window Radiation,kWh,Monthly,15171.1600710258,30980.259856624,39664.98882081,59942.1641020552,68907.0200626691,64542.2200246496,83091.6189555761,71195.1876138348,61908.3717107753,30616.3152906175,15160.0248178359,12507.4975091463
d42e4ac9-8b10-4992-a735-29b01d010e75,HSD,SDL/Window Radiation,kWh,Monthly,32124.9465808363,72028.3897196875,81725.8616111103,114496.821421871,122808.729912168,111991.706273988,148252.880521291,136618.360698188,133325.563490759,65855.4875324573,31825.4093026934,27815.0118816451
de7e42db-af38-4120-ae54-20929aca1226,OCE,SDL/Window Radiation,kWh,Monthly,8920.25825915151,19391.4109088385,20881.5981664463,28643.4927495793,31735.5312173751,28857.3390420557,38152.4864727272,34559.0730015299,34142.7440619769,17038.6929148358,8513.15895840802,8466.19710780091
e5339e60-3b1d-47fb-98a4-806429523ddb,CHSB,SDL/Window Radiation,kWh,Monthly,4018.05428031144,8654.14921242845,9256.62061749722,12621.0699386494,13538.1972811576,12381.1137365318,15989.5497178817,14892.4028888569,14705.9660795581,7601.40232339285,3873.14787179316,3633.92520782375
f4b56f76-09c3-4c24-8d09-c7d58a74e04d,UW MEDICAL CENTER,SDL/Window Radiation,kWh,Monthly,170821.492700282,360518.348152374,396572.918313,549728.174267425,607189.760132422,558659.612377245,723642.408609745,652577.671275172,623067.924747103,321690.299313747,164687.242219234,153228.179993624
fb85c54b-5295-42dd-baeb-9547621318e4,UMCU,SDL/Window Radiation,kWh,Monthly,1761.0327442592,3789.44672476627,4646.13564095795,6563.79614404718,7134.11177935945,6609.59499705021,8210.99042152852,7569.21776154167,7050.18979818782,3654.25615772878,1790.46371008984,1417.98571718886
02699806-fbb9-4003-84e3-45083cedb250,CHSC,SDL/Cooling,kWh,Monthly,0,0,0,13810.1821078839,18764.0416605299,23154.2222644262,32142.7401996443,32987.1218096899,26912.6737437824,0,0,0
033f908b-c572-4787-8a9a-d1a66a713a0f,PBB,SDL/Cooling,kWh,Monthly,0,0,0,38774.3924617938,55733.6739556054,68456.3781698892,99943.5845319456,99630.5454930512,80721.6883334863,0,0,0
070c4c1d-a400-438f-830e-941ca7816c48,GNOM,SDL/Cooling,kWh,Monthly,0,0,0,13678.3928647541,20818.6781944179,26049.4275084392,38682.314481645,37658.2654309764,29570.2782185758,0,0,0
08b9ee3c-ce3f-42b7-8aad-72fc54f9fa91,HST,SDL/Cooling,kWh,Monthly,0,0,0,58257.0574212168,90769.8850107489,115571.108996989,166855.855187735,164808.961546675,124984.277940972,0,0,0
19f4e1f6-da44-11ed-83b8-e520a6201abc,BIOE,SDL/Cooling,kWh,Monthly,0,0,0,8224.96401855673,12607.8009702458,15920.6183531589,23643.5257255803,23008.8255066891,17967.297017358,0,0,0
27f121a6-f0ba-4826-8049-9b0bb202997b,MSB,SDL/Cooling,kWh,Monthly,0,0,0,7110.85956992879,10046.6683374717,12056.9068618993,17600.7442458118,17501.2194721932,14530.6299285036,0,0,0
341c5d3c-a46d-4553-80d8-2c11b83e21dd,HSE,SDL/Cooling,kWh,Monthly,0,0,0,7340.4524417025,10920.9233274146,14731.8278168294,22522.6451635353,23279.2251059451,19049.4552626789,0,0,0
3aca682b-80b7-463c-8e32-725f2aedbf8f,HSC,SDL/Cooling,kWh,Monthly,0,0,0,5886.44740317267,8968.50645689274,11830.5679737163,18025.6397559743,18180.5088189156,14814.6712564341,0,0,0
4290d91a-da44-11ed-83b8-e520a6201abc,OTS,SDL/Cooling,kWh,Monthly,0,0,0,87.2764885709327,143.056748117235,182.503870532846,317.268580002429,302.78745902831,234.320054906401,0,0,0
4290d968-da44-11ed-83b8-e520a6201abc,HCK,SDL/Cooling,kWh,Monthly,0,0,0,8592.04274217149,13193.9580690102,16443.4308655276,24267.6356285151,23635.2202746299,18512.2727902068,0,0,0
4290daa8-da44-11ed-83b8-e520a6201abc,OSB,SDL/Cooling,kWh,Monthly,0,0,0,164.411279179652,258.925763759636,327.772993737843,564.002529541707,536.481469404019,463.274651312596,0,0,0
42a706a2-da44-11ed-83b8-e520a6201abc,HSBB,SDL/Cooling,kWh,Monthly,0,0,0,22096.5800577835,33015.9606845484,41241.3424979296,59073.4370367045,57595.9040146248,44440.2790564857,0,0,0
42a706b4-da44-11ed-83b8-e520a6201abc,OCN,SDL/Cooling,kWh,Monthly,0,0,0,9392.64061620078,14597.2969997293,18536.1981666793,27368.6934942064,26932.2083379985,21160.7523490482,0,0,0
42a70703-da44-11ed-83b8-e520a6201abc,OTB,SDL/Cooling,kWh,Monthly,0,0,0,5536.7927093057,7868.91871084661,9525.06341532295,14153.7597464564,13764.3634900266,11344.8259431581,0,0,0
42a70783-da44-11ed-83b8-e520a6201abc,OTS2,SDL/Cooling,kWh,Monthly,0,0,0,280.058747491429,526.811944048622,731.18470080156,1299.93194851125,1200.74225933188,859.322829588843,0,0,0
5125d8bc-99ef-4be7-838e-5689957b71e6,HSI,SDL/Cooling,kWh,Monthly,0,0,0,21019.109635662,33080.0185019359,43526.8092192692,63833.0059891639,63722.84318985,48694.0809097938,0,0,0
68fcc08e-5cec-4700-8bba-bdfa0d2e303b,HSF,SDL/Cooling,kWh,Monthly,0,0,0,22145.1899941358,32274.3868759712,40676.2069857436,60874.8511354527,60542.8905613461,48827.882241694,0,0,0
7237b167-7d14-40a1-86a4-81e307587310,HSH,SDL/Cooling,kWh,Monthly,0,0,0,25572.975887908,36660.4061083503,45869.378160598,68259.1580136208,68877.1650281592,55865.608091929,0,0,0
81d62c4f-2c6c-4a71-9a6b-295a722484bc,UMSP,SDL/Cooling,kWh,Monthly,0,0,0,43674.3932920182,63006.2049033498,77608.7761353993,111670.378971948,111329.486195255,89412.5335346266,0,0,0
841ea18d-f130-4b55-97e0-f9534a41012b,SOCC,SDL/Cooling,kWh,Monthly,0,0,0,6136.650202061,11298.6390955231,16944.0649525819,32425.8538379409,31193.8335630382,23043.380570844,0,0,0
8780edad-1392-4ffc-9e0d-fdac29cc5cf4,HSJ,SDL/Cooling,kWh,Monthly,0,0,0,16408.9193064622,26597.6515951308,34448.5918283388,50396.5841735118,48774.7229193869,35884.4019602564,0,0,0
88bba704-118d-45ff-b2b8-2ecfc8055bdb,HHL,SDL/Cooling,kWh,Monthly,0,0,0,5931.33863402175,8539.33041112951,10364.2234834677,15513.1181515695,15046.3095026077,12296.9502226329,0,0,0
8b892b41-0fb8-4eea-bc5c-99c7c79673fd,OSS,SDL/Cooling,kWh,Monthly,0,0,0,230.809579546165,367.223936723789,462.560802079516,808.923157921129,767.417118000203,647.987819769507,0,0,0
ba8e8648-6f02-49f5-869b-9b071fa090ee,HSG,SDL/Cooling,kWh,Monthly,0,0,0,7970.32813586453,12397.0146651474,16324.542620157,24995.8024875145,24918.3435906858,19619.5313456858,0,0,0
c38c3e8e-b31b-467f-814e-ca5f4a97fa85,HSK,SDL/Cooling,kWh,Monthly,0,0,0,34917.3918166228,47138.9794607448,55858.4963443357,81996.6804005603,84400.2364221109,71817.293875756,0,0,0
c5324f6f-c35d-48f4-8546-48a065adce22,CHCL,SDL/Cooling,kWh,Monthly,0,0,0,11387.2016944115,15670.4283560013,19198.6473728908,27322.1473476274,27536.748979259,22348.3809925349,0,0,0
c58b73ef-8527-4d04-847c-52722fc28cc8,SPG,SDL/Cooling,kWh,Monthly,0,0,0,2980.26472308807,9077.99862302747,18216.2847364446,37548.5437183583,35194.3885100552,21965.7305224715,0,0,0
d42e4ac9-8b10-4992-a735-29b01d010e75,HSD,SDL/Cooling,kWh,Monthly,0,0,0,24498.0376323721,35408.598307783,44548.5923942515,66615.8933464585,66603.2496367059,53664.331004585,0,0,0
de7e42db-af38-4120-ae54-20929aca1226,OCE,SDL/Cooling,kWh,Monthly,0,0,0,2392.19529704811,4133.59009280964,5615.17613437068,9932.51980198776,9513.21053341357,7655.35719057991,0,0,0
e5339e60-3b1d-47fb-98a4-806429523ddb,CHSB,SDL/Cooling,kWh,Monthly,0,0,0,2049.24644751958,2833.34561445278,3461.0667591685,5130.86515235568,5145.37061590669,4322.96610956561,0,0,0
f4b56f76-09c3-4c24-8d09-c7d58a74e04d,UW MEDICAL CENTER,SDL/Cooling,kWh,Monthly,0,0,0,250881.56397704,348152.490696556,434620.056398943,588290.129814291,601384.742415899,471069.801990363,0,0,0
fb85c54b-5295-42dd-baeb-9547621318e4,UMCU,SDL/Cooling,kWh,Monthly,0,0,0,296.727151633473,567.994711820741,1023.36169137837,2220.82021927966,2130.74597066116,1462.08812018219,0,0,0
02699806-fbb9-4003-84e3-45083cedb250,CHSC,SDL/Domestic Hot Water,kWh,Monthly,16758.7711863733,15203.833653617,17277.0836972921,15549.3753275629,17277.0836972921,16586.0003494004,16240.4586754546,17277.0836972921,16067.6878384816,16758.7711863733,16586.0003494004,16240.4586754546
033f908b-c572-4787-8a9a-d1a66a713a0f,PBB,SDL/Domestic Hot Water,kWh,Monthly,43090.1872702406,39092.1286575378,44422.8734744748,39980.5861270273,44422.8734744748,42645.9585354958,41757.5010660063,44422.8734744748,41313.2723312616,43090.1872702406,42645.9585354958,41757.5010660063
070c4c1d-a400-438f-830e-941ca7816c48,GNOM,SDL/Domestic Hot Water,kWh,Monthly,16901.0718651094,15332.9311765941,17423.7854279478,15681.406885153,17423.7854279478,16726.8340108299,16378.3583022709,17423.7854279478,16204.1204479915,16901.0718651094,16726.8340108299,16378.3583022709
08b9ee3c-ce3f-42b7-8aad-72fc54f9fa91,HST,SDL/Domestic Hot Water,kWh,Monthly,81862.2285156811,74266.7640142262,84394.050016166,75954.6450145493,84394.050016166,81018.2880155194,79330.4070151961,84394.050016166,78486.4665150345,81862.2285156811,81018.2880155194,79330.4070151961
19f4e1f6-da44-11ed-83b8-e520a6201abc,BIOE,SDL/Domestic Hot Water,kWh,Monthly,10684.4761473891,9693.13299969319,11014.9238632877,9913.43147695895,11014.9238632877,10574.3269087562,10354.0284314905,11014.9238632877,10243.8791928576,10684.4761473891,10574.3269087562,10354.0284314905
27f121a6-f0ba-4826-8049-9b0bb202997b,MSB,SDL/Domestic Hot Water,kWh,Monthly,6787.65932151242,6157.87649786693,6997.58692939424,6297.82823645481,6997.58692939424,6717.68345221847,6577.73171363059,6997.58692939424,6507.75584433664,6787.65932151242,6717.68345221847,6577.73171363059
341c5d3c-a46d-4553-80d8-2c11b83e21dd,HSE,SDL/Domestic Hot Water,kWh,Monthly,12960.1423656143,11757.6549296295,13360.9715109426,12024.8743598483,13360.9715109426,12826.5326505049,12559.313220286,13360.9715109426,12425.7035051766,12960.1423656143,12826.5326505049,12559.313220286
3aca682b-80b7-463c-8e32-725f2aedbf8f,HSC,SDL/Domestic Hot Water,kWh,Monthly,8760.42766588476,7947.6044803903,9031.36872771624,8128.23185494462,9031.36872771625,8670.1139786076,8489.48660405327,9031.36872771624,8399.17291677611,8760.42766588476,8670.1139786076,8489.48660405327
4290d91a-da44-11ed-83b8-e520a6201abc,OTS,SDL/Domestic Hot Water,kWh,Monthly,94.1204796778913,85.3876516665406,97.0314223483416,87.3282801135074,97.0314223483416,93.1501654544079,91.2095370074411,97.0314223483416,90.2392227839577,94.1204796778913,93.1501654544079,91.2095370074411
4290d968-da44-11ed-83b8-e520a6201abc,HCK,SDL/Domestic Hot Water,kWh,Monthly,10640.705891609,9653.42390166586,10969.7998882567,9872.819899431,10969.7998882567,10531.0078927264,10311.6118949613,10969.7998882567,10201.9138960787,10640.705891609,10531.0078927264,10311.6118949613
4290daa8-da44-11ed-83b8-e520a6201abc,OSB,SDL/Domestic Hot Water,kWh,Monthly,178.733598068635,162.150068350926,184.261441307871,165.835297177084,184.261441307871,176.890983655556,173.205754829398,184.261441307871,171.36314041632,178.733598068635,176.890983655556,173.205754829398
42a706a2-da44-11ed-83b8-e520a6201abc,HSBB,SDL/Domestic Hot Water,kWh,Monthly,26062.4671943985,23644.3001351244,26868.5228808232,24181.6705927409,26868.5228808232,25793.7819655903,25256.4115079738,26868.5228808232,24987.7262791656,26062.4671943985,25793.7819655903,25256.4115079738
42a706b4-da44-11ed-83b8-e520a6201abc,OCN,SDL/Domestic Hot Water,kWh,Monthly,12686.9693033988,11509.8278216402,13079.3497973184,11771.4148175865,13079.3497973184,12556.1758054256,12294.5888094793,13079.3497973184,12163.7953115061,12686.9693033988,12556.1758054256,12294.5888094793
42a70703-da44-11ed-83b8-e520a6201abc,OTB,SDL/Domestic Hot Water,kWh,Monthly,5001.89335474238,4537.80015687969,5156.59108736328,4640.93197862695,5156.59108736328,4950.32744386875,4847.19562212148,5156.59108736328,4795.62971124785,5001.89335474238,4950.32744386875,4847.19562212148
42a70783-da44-11ed-83b8-e520a6201abc,OTS2,SDL/Domestic Hot Water,kWh,Monthly,559.180001027969,507.29732052022,576.474227863886,518.826805077497,576.474227863886,553.41525874933,541.885774192053,576.474227863886,536.121031913414,559.180001027969,553.41525874933,541.885774192053
5125d8bc-99ef-4be7-838e-5689957b71e6,HSI,SDL/Domestic Hot Water,kWh,Monthly,34103.0191188822,30938.8214686766,35157.7516689507,31641.9765020556,35157.7516689507,33751.4416021927,33048.2865688137,35157.7516689507,32696.7090521242,34103.0191188822,33751.4416021927,33048.2865688137
68fcc08e-5cec-4700-8bba-bdfa0d2e303b,HSF,SDL/Domestic Hot Water,kWh,Monthly,26987.2904715609,24483.3150669831,27821.9489397535,25039.7540457781,27821.9489397535,26709.0709821633,26152.6320033683,27821.9489397535,25874.4125139707,26987.2904715609,26709.0709821634,26152.6320033683
7237b167-7d14-40a1-86a4-81e307587310,HSH,SDL/Domestic Hot Water,kWh,Monthly,31944.0921781708,28980.2073368972,32932.0537919286,29638.8484127357,32932.0537919286,31614.7716402515,30956.1305644129,32932.0537919286,30626.8100264936,31944.0921781708,31614.7716402515,30956.1305644129
81d62c4f-2c6c-4a71-9a6b-295a722484bc,UMSP,SDL/Domestic Hot Water,kWh,Monthly,51637.5826582341,46846.4667414907,53234.6212971484,47911.1591674336,53234.6212971484,51105.2364452625,50040.5440193196,53234.6212971484,49508.1978063481,51637.5826582341,51105.2364452625,50040.5440193196
841ea18d-f130-4b55-97e0-f9534a41012b,SOCC,SDL/Domestic Hot Water,kWh,Monthly,20968.2677824118,19022.7584005385,21616.7709097028,19455.0938187326,21616.7709097028,20752.1000733147,20319.7646551207,21616.7709097028,20103.5969460236,20968.2677824118,20752.1000733147,20319.7646551207
8780edad-1392-4ffc-9e0d-fdac29cc5cf4,HSJ,SDL/Domestic Hot Water,kWh,Monthly,24301.0197783471,22046.2859844798,25052.5977096361,22547.3379386725,25052.5977096361,24050.4938012507,23549.441847058,25052.5977096361,23298.9158699616,24301.0197783471,24050.4938012507,23549.441847058
88bba704-118d-45ff-b2b8-2ecfc8055bdb,HHL,SDL/Domestic Hot Water,kWh,Monthly,5349.25167341416,4852.92935320048,5514.69244681872,4963.22320213685,5514.69244681872,5294.10474894597,5183.8109000096,5514.69244681872,5128.66397554141,5349.25167341416,5294.10474894597,5183.8109000096
8b892b41-0fb8-4eea-bc5c-99c7c79673fd,OSS,SDL/Domestic Hot Water,kWh,Monthly,256.902621808778,233.066296073943,264.84806372039,238.363257348351,264.84806372039,254.254141171574,248.957179897166,264.84806372039,246.308699259962,256.902621808778,254.254141171574,248.957179897166
ba8e8648-6f02-49f5-869b-9b071fa090ee,HSG,SDL/Domestic Hot Water,kWh,Monthly,12053.7789425979,10935.3870819445,12426.5762294824,11183.9186065341,12426.5762294824,11929.5131803031,11680.9816557134,12426.5762294824,11556.7158934186,12053.7789425979,11929.5131803031,11680.9816557134
c38c3e8e-b31b-467f-814e-ca5f4a97fa85,HSK,SDL/Domestic Hot Water,kWh,Monthly,34863.8805389342,31629.0874992393,35942.1448854992,32347.9303969493,35942.1448854992,34504.4590900793,33785.6161923693,35942.1448854992,33426.1947435143,34863.8805389342,34504.4590900793,33785.6161923693
c5324f6f-c35d-48f4-8546-48a065adce22,CHCL,SDL/Domestic Hot Water,kWh,Monthly,12511.919842145,11351.0200629769,12898.8864352011,11608.997791681,12898.8864352011,12382.930977793,12124.953249089,12898.8864352011,11995.964384737,12511.919842145,12382.930977793,12124.953249089
c58b73ef-8527-4d04-847c-52722fc28cc8,SPG,SDL/Domestic Hot Water,kWh,Monthly,35172.0755025786,31908.6870538858,36259.8716521429,32633.8844869287,36259.8716521429,34809.4767860572,34084.2793530144,36259.8716521429,33721.6806364929,35172.0755025786,34809.4767860571,34084.2793530144
d42e4ac9-8b10-4992-a735-29b01d010e75,HSD,SDL/Domestic Hot Water,kWh,Monthly,30284.1085375205,27474.2427969258,31220.7304510521,28098.6574059468,31220.7304510521,29971.90123301,29347.4866239889,31220.7304510521,29035.2793194784,30284.1085375205,29971.90123301,29347.4866239889
de7e42db-af38-4120-ae54-20929aca1226,OCE,SDL/Domestic Hot Water,kWh,Monthly,4707.92295638074,4271.10536248974,4853.52882101107,4368.17593890996,4853.52882101107,4659.38766817063,4562.31709175041,4853.52882101107,4513.78180354029,4707.92295638074,4659.38766817063,4562.31709175041
e5339e60-3b1d-47fb-98a4-806429523ddb,CHSB,SDL/Domestic Hot Water,kWh,Monthly,1942.24737923481,1762.03885951199,2002.31688580908,1802.08519722817,2002.31688580908,1922.22421037672,1882.17787266053,2002.31688580908,1862.15470380244,1942.24737923481,1922.22421037672,1882.17787266053
f4b56f76-09c3-4c24-8d09-c7d58a74e04d,UW MEDICAL CENTER,SDL/Domestic Hot Water,kWh,Monthly,335957.785164883,304786.444273296,346348.232128746,311713.408915871,346348.232128746,332494.302843596,325567.338201021,346348.232128746,322103.855879733,335957.785164883,332494.302843596,325567.338201021
fb85c54b-5295-42dd-baeb-9547621318e4,UMCU,SDL/Domestic Hot Water,kWh,Monthly,1776.78621454158,1611.92976164597,1831.73836550678,1648.56452895611,1831.73836550678,1758.46883088651,1721.83406357638,1831.73836550678,1703.51667992131,1776.78621454158,1758.46883088651,1721.83406357638
02699806-fbb9-4003-84e3-45083cedb250,CHSC,SDL/Equipment,kWh,Monthly,37063.1908167836,33637.1815816187,38309.0123568435,34260.0923516487,38309.0123568435,36751.7354317686,35817.3692767236,38309.0123568435,35505.9138917086,37063.1908167836,36751.7354317686,35817.3692767236
033f908b-c572-4787-8a9a-d1a66a713a0f,PBB,SDL/Equipment,kWh,Monthly,95296.9531815348,86487.9911227373,98500.2121120064,88089.6205879733,98500.2121120065,94496.1384489166,92093.6942510629,98500.2121120065,91292.879518445,95296.9531815348,94496.1384489167,92093.6942510629
070c4c1d-a400-438f-830e-941ca7816c48,GNOM,SDL/Equipment,kWh,Monthly,37377.8986883035,33922.7988095528,38634.2986442128,34550.9987875074,38634.2986442128,37063.7986993261,36121.4987323942,38634.2986442128,35807.3987434168,37377.8986883035,37063.7986993261,36121.4987323942
08b9ee3c-ce3f-42b7-8aad-72fc54f9fa91,HST,SDL/Equipment,kWh,Monthly,181044.025389574,164308.863378773,187129.538848047,167351.62010801,187129.538848047,179522.647024956,174958.511931101,187129.538848047,173437.133566483,181044.025389574,179522.647024956,174958.511931101
19f4e1f6-da44-11ed-83b8-e520a6201abc,BIOE,SDL/Equipment,kWh,Monthly,23629.4638684515,21445.2277125443,24423.7315615087,21842.3615590729,24423.7315615087,23430.8969451872,22835.1961753944,24423.7315615087,22636.62925213,23629.4638684515,23430.8969451872,22835.1961753944
27f121a6-f0ba-4826-8049-9b0bb202997b,MSB,SDL/Equipment,kWh,Monthly,15011.3817913506,13623.7750711417,15515.9660532447,13876.0672020888,15515.9660532447,14885.235725877,14506.7975294564,15515.9660532447,14380.6514639829,15011.3817913506,14885.235725877,14506.7975294564
341c5d3c-a46d-4553-80d8-2c11b83e21dd,HSE,SDL/Equipment,kWh,Monthly,28662.2583581795,26012.8059049024,29625.6956139167,26494.524532771,29625.6956139167,28421.3990442452,27698.8211024424,29625.6956139167,27457.9617885081,28662.2583581795,28421.3990442452,27698.8211024424
3aca682b-80b7-463c-8e32-725f2aedbf8f,HSC,SDL/Equipment,kWh,Monthly,19374.2965165205,17583.3951578505,20025.5333742187,17909.0135866997,20025.5333742187,19211.487302096,18723.0596588224,20025.5333742187,18560.2504443978,19374.2965165205,19211.487302096,18723.0596588224
4290d91a-da44-11ed-83b8-e520a6201abc,OTS,SDL/Equipment,kWh,Monthly,208.154002419063,188.912876145032,215.15077560962,192.411262740311,215.15077560962,206.404809121424,201.157229228506,215.15077560962,199.408035930867,208.154002419063,206.404809121424,201.157229228506
4290d968-da44-11ed-83b8-e520a6201abc,HCK,SDL/Equipment,kWh,Monthly,23532.6628963494,21357.37472946,24323.6767752183,21752.8816688944,24323.6767752183,23334.9094266322,22741.6490174806,24323.6767752183,22543.8955477633,23532.6628963494,23334.9094266322,22741.6490174806
4290daa8-da44-11ed-83b8-e520a6201abc,OSB,SDL/Equipment,kWh,Monthly,395.281812545688,358.743157604491,408.56859616067,365.386549411981,408.568596160669,391.960116641943,381.995028930707,408.568596160669,378.673333026962,395.281812545688,391.960116641943,381.995028930707
42a706a2-da44-11ed-83b8-e520a6201abc,HSBB,SDL/Equipment,kWh,Monthly,57638.9631459127,52310.9917626771,59576.4072852711,53279.7138323563,59576.4072852711,57154.6021110731,55701.5190065543,59576.4072852711,55217.1579717147,57638.9631459127,57154.6021110731,55701.5190065543
42a706b4-da44-11ed-83b8-e520a6201abc,OCN,SDL/Equipment,kWh,Monthly,28058.1170868236,25464.5096250164,29001.2470729353,25936.0746180722,29001.2470729353,27822.3345902956,27114.9871007119,29001.2470729353,26879.2046041839,28058.1170868236,27822.3345902957,27114.9871007119
42a70703-da44-11ed-83b8-e520a6201abc,OTB,SDL/Equipment,kWh,Monthly,11062.0358611232,10039.4947311034,11433.8689993122,10225.4113001979,11433.8689993122,10969.0775765759,10690.2027229341,11433.8689993122,10597.2444383869,11062.0358611232,10969.0775765759,10690.2027229341
42a70783-da44-11ed-83b8-e520a6201abc,OTS2,SDL/Equipment,kWh,Monthly,1236.66555551999,1122.35193274083,1278.23414562151,1143.13622779159,1278.23414562151,1226.27340799462,1195.09696541848,1278.23414562151,1184.7048178931,1236.66555551999,1226.27340799462,1195.09696541848
5125d8bc-99ef-4be7-838e-5689957b71e6,HSI,SDL/Equipment,kWh,Monthly,75421.2042741711,68449.4963160543,77956.3708043953,69717.0795811665,77956.3708043953,74787.4126416149,72886.0377439468,77956.3708043953,72252.2461113907,75421.2042741711,74787.412641615,72886.0377439468
68fcc08e-5cec-4700-8bba-bdfa0d2e303b,HSF,SDL/Equipment,kWh,Monthly,59684.2742974335,54167.2405388471,61690.4683914648,55170.3375858629,61690.4683914649,59182.7257739256,57678.0802034021,61690.4683914649,57176.5316798943,59684.2742974335,59182.7257739256,57678.0802034021
7237b167-7d14-40a1-86a4-81e307587310,HSH,SDL/Equipment,kWh,Monthly,70646.5868351464,64116.2300688723,73021.2620228824,65303.5676627404,73021.2620228825,70052.9180382123,68271.9116474104,73021.2620228824,67678.2428504764,70646.5868351464,70052.9180382124,68271.9116474104
81d62c4f-2c6c-4a71-9a6b-295a722484bc,UMSP,SDL/Equipment,kWh,Monthly,114200.113963949,103643.800908457,118038.773256854,105563.13055491,118038.773256854,113240.449140722,110361.454671043,118038.773256854,109401.789847816,114200.113963949,113240.449140722,110361.454671043
841ea18d-f130-4b55-97e0-f9534a41012b,SOCC,SDL/Equipment,kWh,Monthly,46372.7860040747,42086.2259532778,47931.5351134553,42865.6005079682,47931.5351134553,45983.0987267295,44814.036894694,47931.5351134553,44424.3496173488,46372.7860040747,45983.0987267295,44814.036894694
8780edad-1392-4ffc-9e0d-fdac29cc5cf4,HSJ,SDL/Equipment,kWh,Monthly,53743.399385968,48775.5221318027,55549.9002056643,49678.7725416511,55549.9002056643,53291.7741810438,51936.8985662715,55549.9002056643,51485.2733613474,53743.399385968,53291.7741810438,51936.8985662715
88bba704-118d-45ff-b2b8-2ecfc8055bdb,HHL,SDL/Equipment,kWh,Monthly,11830.242998959,10736.6911251056,12227.8982258148,10935.5187385335,12227.8982258148,11730.829192245,11432.5877721032,12227.8982258148,11333.1739653893,11830.242998959,11730.8291922451,11432.5877721032
8b892b41-0fb8-4eea-bc5c-99c7c79673fd,OSS,SDL/Equipment,kWh,Monthly,568.158058102305,515.639246008815,587.255807954483,525.188120934904,587.255807954483,563.38362063926,549.060308250126,587.255807954483,544.285870787082,568.158058102305,563.38362063926,549.060308250126
ba8e8648-6f02-49f5-869b-9b071fa090ee,HSG,SDL/Equipment,kWh,Monthly,26657.7724610318,24193.608620096,27553.8320395538,24641.6384093571,27553.8320395538,26433.7575664012,25761.7128825097,27553.8320395538,25537.6979878791,26657.7724610318,26433.7575664012,25761.7128825097
c38c3e8e-b31b-467f-814e-ca5f4a97fa85,HSK,SDL/Equipment,kWh,Monthly,77103.9023480878,69976.6508705333,79695.6301581074,71272.5147755433,79695.6301581075,76455.9703955827,74512.1745380679,79695.6301581075,73864.242585563,77103.9023480878,76455.9703955827,74512.1745380679
c5324f6f-c35d-48f4-8546-48a065adce22,CHCL,SDL/Equipment,kWh,Monthly,27670.9829996835,25113.1610417296,28601.1000753031,25578.2195795394,28601.1000753031,27438.4537307786,26740.8659240639,28601.1000753031,26508.336655159,27670.9829996835,27438.4537307786,26740.8659240639
c58b73ef-8527-4d04-847c-52722fc28cc8,SPG,SDL/Equipment,kWh,Monthly,77785.4969960058,70595.2409711648,80400.1355504933,71902.5602484086,80400.1355504933,77131.8373573838,75170.8584415182,80400.1355504933,74517.1988028963,77785.4969960058,77131.8373573838,75170.8584415182
d42e4ac9-8b10-4992-a735-29b01d010e75,HSD,SDL/Equipment,kWh,Monthly,66975.4172880506,60784.4123286509,69226.6918187413,61910.0495939964,69226.6918187414,66412.5986553778,64724.1427573598,69226.6918187414,64161.3241246871,66975.4172880506,66412.5986553778,64724.1427573598
de7e42db-af38-4120-ae54-20929aca1226,OCE,SDL/Equipment,kWh,Monthly,10411.8998309933,9449.4553088006,10761.8796572451,9624.44522192653,10761.8796572451,10324.4048744303,10061.9200047414,10761.8796572451,9974.42504817841,10411.8998309933,10324.4048744303,10061.9200047414
e5339e60-3b1d-47fb-98a4-806429523ddb,CHSB,SDL/Equipment,kWh,Monthly,4295.41548299852,3898.36027028437,4439.79919671275,3970.55212714149,4439.79919671275,4259.31955456996,4151.03176928428,4439.79919671275,4114.93584085572,4295.41548299852,4259.31955456996,4151.03176928428
f4b56f76-09c3-4c24-8d09-c7d58a74e04d,UW MEDICAL CENTER,SDL/Equipment,kWh,Monthly,742994.063196865,674313.939708079,767968.653556423,686801.234887858,767968.653556423,736750.415606975,718019.472837306,767968.653556423,711775.825247417,742994.063196865,736750.415606975,718019.472837306
fb85c54b-5295-42dd-baeb-9547621318e4,UMCU,SDL/Equipment,kWh,Monthly,3929.48658215056,3566.25673001899,4061.57016474385,3632.29852131564,4061.57016474385,3896.46568650223,3797.40299955726,4061.57016474385,3764.38210390894,3929.48658215056,3896.46568650223,3797.40299955726
02699806-fbb9-4003-84e3-45083cedb250,CHSC,SDL/Heating,kWh,Monthly,22142.7263317181,3186.3644305988,819.979417637798,97.035383505331,0,0,0,0,0,47.6392625277769,1304.51958139481,5370.88239676984
033f908b-c572-4787-8a9a-d1a66a713a0f,PBB,SDL/Heating,kWh,Monthly,87378.7587848766,18131.9447790893,4695.82844748125,535.254572501812,0,0,0,0,0,524.337390860137,10156.9771917676,34387.3749183756
070c4c1d-a400-438f-830e-941ca7816c48,GNOM,SDL/Heating,kWh,Monthly,33655.0344416657,7719.27433750663,2058.54850858789,180.346259495656,0,0,0,0,0,295.170981047471,4649.77394305621,15180.6452236907
08b9ee3c-ce3f-42b7-8aad-72fc54f9fa91,HST,SDL/Heating,kWh,Monthly,157537.006702608,32163.9729588762,8404.21427862358,789.494975041297,0,0,0,0,0,901.041168623152,17329.704428706,58175.5631657675
19f4e1f6-da44-11ed-83b8-e520a6201abc,BIOE,SDL/Heating,kWh,Monthly,21490.4690293617,5167.49467602694,1477.96084865188,156.487520358612,0,0,0,0,0,215.387939830646,3045.95141188529,9763.67717840401
27f121a6-f0ba-4826-8049-9b0bb202997b,MSB,SDL/Heating,kWh,Monthly,14451.5610257801,3060.44546622555,714.879650017755,51.0996564290892,0,0,0,0,0,84.6514362389409,1763.01372618668,5853.16946893977
341c5d3c-a46d-4553-80d8-2c11b83e21dd,HSE,SDL/Heating,kWh,Monthly,28961.81056663,6817.43826167464,2510.2944574762,565.240750716604,0,0,0,0,0,277.837944264619,3701.79834703243,11675.2913485033
3aca682b-80b7-463c-8e32-725f2aedbf8f,HSC,SDL/Heating,kWh,Monthly,22858.5326289045,5874.4191913441,1923.64197394558,344.355020550658,0,0,0,0,0,203.89691990733,3266.26982316925,10298.7795691497
4290d91a-da44-11ed-83b8-e520a6201abc,OTS,SDL/Heating,kWh,Monthly,604.259541281142,259.564212016625,107.049976814753,17.2715015413898,0,0,0,0,0,36.2684349072775,240.071577617267,465.786119499387
4290d968-da44-11ed-83b8-e520a6201abc,HCK,SDL/Heating,kWh,Monthly,20610.183353566,4346.71110579665,1026.9632017919,51.9477867604139,0,0,0,0,0,137.020603542045,2677.41841808809,8967.15443224676
4290daa8-da44-11ed-83b8-e520a6201abc,OSB,SDL/Heating,kWh,Monthly,941.067927404489,379.865730651628,147.452880671511,20.6908835985874,0,0,0,0,0,51.1544303691335,347.049958547202,695.484535586085
42a706a2-da44-11ed-83b8-e520a6201abc,HSBB,SDL/Heating,kWh,Monthly,47459.3740576925,8732.79771092345,2022.85040023416,161.675950320164,0,0,0,0,0,84.476103582228,3612.62031175851,15955.207214497
42a706b4-da44-11ed-83b8-e520a6201abc,OCN,SDL/Heating,kWh,Monthly,24689.8837022343,5681.9447553178,1651.10164218153,167.406562870662,0,0,0,0,0,220.784223425476,3320.91130362678,10544.2358483443
42a70703-da44-11ed-83b8-e520a6201abc,OTB,SDL/Heating,kWh,Monthly,12298.2208479577,2712.16369313399,631.599266459078,45.3499831683002,0,0,0,0,0,71.4107081510307,1631.69315714826,5791.38617364678
42a70783-da44-11ed-83b8-e520a6201abc,OTS2,SDL/Heating,kWh,Monthly,2514.59764090742,1003.21182009349,413.626746947469,55.4599386966977,0,0,0,0,0,123.781611446795,861.726617420857,1805.26018717322
5125d8bc-99ef-4be7-838e-5689957b71e6,HSI,SDL/Heating,kWh,Monthly,68284.7191257316,14502.9997131033,4423.89560620966,646.650666291056,0,0,0,0,0,458.040033818672,7765.00342862957,25736.6492071638
68fcc08e-5cec-4700-8bba-bdfa0d2e303b,HSF,SDL/Heating,kWh,Monthly,62316.9177596553,14480.8964534677,4352.25374450737,687.843861920707,0,0,0,0,0,483.256727166885,8166.91202278961,27170.3723908048
7237b167-7d14-40a1-86a4-81e307587310,HSH,SDL/Heating,kWh,Monthly,67077.5122761163,14941.3546956611,4604.67708805079,790.582571621933,0,0,0,0,0,525.15062806536,8178.31418812012,26692.2928911402
81d62c4f-2c6c-4a71-9a6b-295a722484bc,UMSP,SDL/Heating,kWh,Monthly,85663.9593473337,11877.6209601319,2172.01625663106,141.145232340712,0,0,0,0,0,184.139792411616,7336.80270347813,28407.5937452754
841ea18d-f130-4b55-97e0-f9534a41012b,SOCC,SDL/Heating,kWh,Monthly,79023.691862211,32388.6371871053,15115.5069194022,3228.12895338924,0,0,0,0,0,4281.56998788653,25254.9725717689,51479.8620248555
8780edad-1392-4ffc-9e0d-fdac29cc5cf4,HSJ,SDL/Heating,kWh,Monthly,49208.4507962925,10119.5710090403,2694.26081205783,237.436740658588,0,0,0,0,0,272.011178468835,5619.36456323186,19303.7191801429
88bba704-118d-45ff-b2b8-2ecfc8055bdb,HHL,SDL/Heating,kWh,Monthly,14096.9174745166,3332.24825475249,810.485315600078,69.9122452589712,0,0,0,0,0,90.9114684070801,1968.8011704749,6759.913328618
8b892b41-0fb8-4eea-bc5c-99c7c79673fd,OSS,SDL/Heating,kWh,Monthly,1378.28643355326,573.924637861383,233.483099407093,40.8236717433615,0,0,0,0,0,80.0754871118699,516.227335511201,1008.12126792818
ba8e8648-6f02-49f5-869b-9b071fa090ee,HSG,SDL/Heating,kWh,Monthly,31157.0542526718,8103.62456155249,2672.41981466894,471.177755679302,0,0,0,0,0,287.26547979265,4474.31416034794,14098.5274881513
c38c3e8e-b31b-467f-814e-ca5f4a97fa85,HSK,SDL/Heating,kWh,Monthly,60070.9169378537,8846.2822276822,1672.14777044759,150.649535125821,0,0,0,0,0,173.377967216573,5732.64556206453,19248.5703191769
c5324f6f-c35d-48f4-8546-48a065adce22,CHCL,SDL/Heating,kWh,Monthly,20293.6068291599,3398.7437964053,844.304749748059,115.227396208821,0,0,0,0,0,40.7742609844285,1428.78135298355,6199.55517755991
c58b73ef-8527-4d04-847c-52722fc28cc8,SPG,SDL/Heating,kWh,Monthly,119687.748216407,51763.0277627075,25362.0852731516,5348.61383317727,0,0,0,0,0,6563.11910387523,35673.4478378101,74061.7499128722
d42e4ac9-8b10-4992-a735-29b01d010e75,HSD,SDL/Heating,kWh,Monthly,67831.5971795747,15493.1636760793,4688.16703091356,752.304684293464,0,0,0,0,0,519.395648583055,8642.3800685766,28746.7574064348
de7e42db-af38-4120-ae54-20929aca1226,OCE,SDL/Heating,kWh,Monthly,18227.4475483167,6959.66347354077,2717.54897504607,405.065490755853,0,0,0,0,0,830.007149716545,5835.05299173642,12080.6595957335
e5339e60-3b1d-47fb-98a4-806429523ddb,CHSB,SDL/Heating,kWh,Monthly,4684.57502087739,1032.96137392294,276.572163543665,36.4176532560085,0,0,0,0,0,16.4565324174246,427.452888539921,1762.08375156406
f4b56f76-09c3-4c24-8d09-c7d58a74e04d,UW MEDICAL CENTER,SDL/Heating,kWh,Monthly,376634.618008129,42708.4611722508,10353.8500087745,1037.94677390426,0,0,0,0,0,497.712134996383,17294.0017538431,73791.7083954748
fb85c54b-5295-42dd-baeb-9547621318e4,UMCU,SDL/Heating,kWh,Monthly,8971.01773499805,4325.56085084172,2296.93089309804,644.932018932574,0,0,0,0,0,720.637750785422,3382.59491649967,6410.60701916427
02699806-fbb9-4003-84e3-45083cedb250,CHSC,SDL/Lighting,kWh,Monthly,53453.5304531973,48509.1762160844,55224.9329554701,49443.5423711293,55224.9329554701,52986.3473756748,51682.1279509246,55224.9329554701,51214.9448734021,53453.5304531973,52986.3473756749,51682.1279509246
033f908b-c572-4787-8a9a-d1a66a713a0f,PBB,SDL/Lighting,kWh,Monthly,137439.828485553,124726.894605244,141994.462277318,127129.338803097,141994.462277318,136238.606386626,132885.194693789,141994.462277318,131683.972594862,137439.828485553,136238.606386626,132885.194693789
070c4c1d-a400-438f-830e-941ca7816c48,GNOM,SDL/Lighting,kWh,Monthly,53907.4106082358,48921.0732832206,55693.8542955445,49863.3732501526,55693.8542955445,53436.2606247699,52120.9669209272,55693.8542955445,51649.8169374612,53907.4106082358,53436.2606247699,52120.9669209272
08b9ee3c-ce3f-42b7-8aad-72fc54f9fa91,HST,SDL/Lighting,kWh,Monthly,261106.56182761,236954.680289295,269759.401276377,241518.81538315,269759.401276376,258824.494280683,252453.722378844,269759.401276376,250171.654831916,261106.56182761,258824.494280683,252453.722378844
19f4e1f6-da44-11ed-83b8-e520a6201abc,BIOE,SDL/Lighting,kWh,Monthly,34079.0482052351,30926.7982984144,35208.3975813008,31522.4990682073,35208.3975813008,33781.1978203387,32949.6988291694,35208.3975813008,32651.848444273,34079.0482052351,33781.1978203387,32949.6988291694
27f121a6-f0ba-4826-8049-9b0bb202997b,MSB,SDL/Lighting,kWh,Monthly,21649.8184868953,19647.249697503,22367.274234276,20025.6878939235,22367.274234276,21460.599388685,20932.3627395145,22367.274234276,20743.1436413043,21649.8184868953,21460.599388685,20932.3627395146
341c5d3c-a46d-4553-80d8-2c11b83e21dd,HSE,SDL/Lighting,kWh,Monthly,41337.4797539709,37513.8381452643,42707.3671019722,38236.4160870671,42707.3671019721,40976.1907830696,39967.5924059697,42707.3671019721,39606.3034350683,41337.4797539709,40976.1907830696,39967.5924059697
3aca682b-80b7-463c-8e32-725f2aedbf8f,HSC,SDL/Lighting,kWh,Monthly,27942.1314256121,25357.5351466225,28868.1088326517,25845.9627898961,28868.1088326517,27697.9176039753,27016.1540185725,28868.1088326517,26771.9401969357,27942.1314256121,27697.9176039753,27016.1540185725
4290d91a-da44-11ed-83b8-e520a6201abc,OTS,SDL/Lighting,kWh,Monthly,160.10949317724,145.299656590562,165.415379513412,148.098365866784,165.415379513412,158.710138539129,154.803606841068,165.415379513412,153.404252202957,160.10949317724,158.710138539129,154.803606841068
4290d968-da44-11ed-83b8-e520a6201abc,HCK,SDL/Lighting,kWh,Monthly,33939.439240218,30800.1029084572,35064.1620992347,31393.3633176088,35064.1620992347,33642.8090356422,32814.7163812013,35064.1620992347,32518.0861766255,33939.439240218,33642.8090356422,32814.7163812013
4290daa8-da44-11ed-83b8-e520a6201abc,OSB,SDL/Lighting,kWh,Monthly,304.045898389486,275.922206404443,314.121709297514,281.236919850435,314.121709297514,301.38854166649,293.970087481459,314.121709297514,291.312730758463,304.045898389486,301.38854166649,293.970087481459
42a706a2-da44-11ed-83b8-e520a6201abc,HSBB,SDL/Lighting,kWh,Monthly,83128.4626043464,75439.2311762678,85883.2659899966,76892.3142807864,85883.2659899966,82401.921052087,80373.6592186961,85883.2659899966,79647.1176664368,83128.4626043464,82401.921052087,80373.6592186961
42a706b4-da44-11ed-83b8-e520a6201abc,OCN,SDL/Lighting,kWh,Monthly,40466.1709666056,36723.1238342248,41807.1839156082,37430.4713238086,41807.1839156082,40112.4972218137,39125.158017603,41807.1839156082,38771.4842728111,40466.1709666056,40112.4972218137,39125.158017603
42a70703-da44-11ed-83b8-e520a6201abc,OTB,SDL/Lighting,kWh,Monthly,15953.9655854224,14478.2528182347,16482.6658287849,14757.1276718765,16482.6658287848,15814.5281586015,15425.2653420598,16482.6658287848,15285.827915239,15953.9655854224,15814.5281586015,15425.2653420598
42a70783-da44-11ed-83b8-e520a6201abc,OTS2,SDL/Lighting,kWh,Monthly,951.227903489612,863.241054441409,982.750750983259,879.868490482014,982.750750983259,942.914185469308,919.705055995965,982.750750983258,911.391337975661,951.227903489612,942.914185469309,919.705055995964
5125d8bc-99ef-4be7-838e-5689957b71e6,HSI,SDL/Lighting,kWh,Monthly,108774.488937433,98713.0467706061,112379.178847596,100614.421668274,112379.178847596,107823.801488599,105169.799027271,112379.178847596,104219.111578437,108774.488937433,107823.801488599,105169.799027271
68fcc08e-5cec-4700-8bba-bdfa0d2e303b,HSF,SDL/Lighting,kWh,Monthly,86078.2653470335,78116.1825363468,88930.8225744846,79620.8281068702,88930.8225744844,85325.9425617719,83225.7081195827,88930.8225744844,82473.3853343209,86078.2653470335,85325.9425617719,83225.7081195827
7237b167-7d14-40a1-86a4-81e307587310,HSH,SDL/Lighting,kWh,Monthly,101888.407273798,92463.9151224709,105264.89855636,94244.9215132726,105264.89855636,100997.904078397,98511.9159912357,105264.89855636,97621.4127958348,101888.407273798,100997.904078397,98511.9159912358
81d62c4f-2c6c-4a71-9a6b-295a722484bc,UMSP,SDL/Lighting,kWh,Monthly,164702.475286241,149467.796217521,170160.568968341,152346.7906872,170160.568968341,163262.978051401,159244.38160414,170160.568968341,157804.8843693,164702.475286241,163262.978051401,159244.38160414
841ea18d-f130-4b55-97e0-f9534a41012b,SOCC,SDL/Lighting,kWh,Monthly,35669.3754529943,32370.0231714718,36851.4268609413,32993.5228152241,36851.4268609412,35357.6256311181,34487.3240450472,36851.4268609413,34175.5742231711,35669.3754529943,35357.6256311181,34487.3240450472
8780edad-1392-4ffc-9e0d-fdac29cc5cf4,HSJ,SDL/Lighting,kWh,Monthly,77510.1757950985,70340.6256669285,80078.7941481044,71695.5012817007,80078.7941481043,76832.7379877124,74941.5574420927,80078.7941481042,74264.1196347065,77510.1757950985,76832.7379877124,74941.5574420927
88bba704-118d-45ff-b2b8-2ecfc8055bdb,HHL,SDL/Lighting,kWh,Monthly,17061.8945772801,15483.7003956963,17627.3106029657,15781.9418158381,17627.3106029656,16912.7738672092,16496.4785515946,17627.3106029656,16347.3578415236,17061.8945772801,16912.7738672092,16496.4785515946
8b892b41-0fb8-4eea-bc5c-99c7c79673fd,OSS,SDL/Lighting,kWh,Monthly,437.020175784014,396.59660526357,451.502636088583,404.235705204441,451.502636088583,433.200625813578,422.537715479445,451.502636088583,418.71816550901,437.020175784014,433.200625813579,422.537715479445
ba8e8648-6f02-49f5-869b-9b071fa090ee,HSG,SDL/Lighting,kWh,Monthly,38446.5562909628,34890.3198387034,39720.6410041739,35562.3645225949,39720.6410041739,38110.5339490171,37172.4715777517,39720.6410041739,36836.449235806,38446.5562909628,38110.5339490171,37172.4715777517
c38c3e8e-b31b-467f-814e-ca5f4a97fa85,HSK,SDL/Lighting,kWh,Monthly,111201.32134866,100915.401602644,114886.434328532,102859.197460159,114886.434328531,110229.423419902,107516.208368788,114886.434328531,106544.31044003,111201.32134866,110229.423419902,107516.208368788
c5324f6f-c35d-48f4-8546-48a065adce22,CHCL,SDL/Lighting,kWh,Monthly,39907.8357758039,36216.4336319386,41230.3459927006,36914.0214386533,41230.3459927006,39559.0418724466,38585.3255589073,41230.3459927006,38236.5316555499,39907.8357758039,39559.0418724466,38585.3255589073
c58b73ef-8527-4d04-847c-52722fc28cc8,SPG,SDL/Lighting,kWh,Monthly,59831.6455885245,54297.3273148591,61814.4131590109,55343.1827366541,61814.4131590109,59308.7178776268,57848.8780180381,61814.4131590109,57325.9503071405,59831.6455885245,59308.717877627,57848.878018038
d42e4ac9-8b10-4992-a735-29b01d010e75,HSD,SDL/Lighting,kWh,Monthly,96593.7478324508,87659.002038772,99794.7788057768,89347.4579367899,99794.7788057767,95749.5198834418,93392.7168591248,99794.7788057767,92548.4889101157,96593.7478324508,95749.5198834418,93392.7168591248
de7e42db-af38-4120-ae54-20929aca1226,OCE,SDL/Lighting,kWh,Monthly,8008.70502406375,7267.91439183061,8274.10639230476,7407.90632233136,8274.10639230476,7938.70905881336,7743.30365582274,8274.10639230475,7673.30769057236,8008.70502406375,7938.70905881337,7743.30365582273
e5339e60-3b1d-47fb-98a4-806429523ddb,CHSB,SDL/Lighting,kWh,Monthly,6194.96371655144,5621.94085274806,6400.25930948886,5730.22863803374,6400.25930948887,6140.8198239086,5989.66812361401,6400.25930948887,5935.52423097117,6194.96371655144,6140.8198239086,5989.66812361401
f4b56f76-09c3-4c24-8d09-c7d58a74e04d,UW MEDICAL CENTER,SDL/Lighting,kWh,Monthly,1071566.0176148,972448.112125306,1107076.7632823,991179.054894973,1107076.7632823,1062200.54622997,1036055.2719473,1107076.7632823,1026689.80056247,1071566.0176148,1062200.54622997,1036055.2719473
fb85c54b-5295-42dd-baeb-9547621318e4,UMCU,SDL/Lighting,kWh,Monthly,3022.51264834326,2742.93573185411,3122.67603180984,2795.76916489143,3122.67603180984,2996.09593182459,2922.34926487668,3122.67603180984,2895.93254835801,3022.51264834326,2996.0959318246,2922.34926487668
02699806-fbb9-4003-84e3-45083cedb250,CHSC,SDL/Total Operational Energy,kWh,Monthly,129418.218788072,100536.555881919,111631.008427243,113160.22754173,129575.070670136,129478.30542127,135882.696102747,143798.150819296,129701.220347375,107323.131718882,107628.602738239,109110.838299873
033f908b-c572-4787-8a9a-d1a66a713a0f,PBB,SDL/Total Operational Energy,kWh,Monthly,363205.727722205,268438.959164608,289613.37631128,294509.192552394,340651.221819404,341837.081540928,366679.974542804,384548.09335685,345011.812778055,276351.306328189,283537.680562807,301123.764929234
070c4c1d-a400-438f-830e-941ca7816c48,GNOM,SDL/Total Operational Energy,kWh,Monthly,141841.415603314,105896.077606874,113810.486876293,113954.518047063,132570.616562123,133276.320843365,143303.138437237,149410.203798682,133231.614347445,108481.552142696,111876.667277982,119801.469179283
08b9ee3c-ce3f-42b7-8aad-72fc54f9fa91,HST,SDL/Total Operational Energy,kWh,Monthly,681549.822435474,507694.280641171,549687.204419213,543871.632901967,632052.875151339,634936.538318148,673598.496512877,706091.951687264,627079.532854406,524913.856901489,536695.133749864,564918.204490909
19f4e1f6-da44-11ed-83b8-e520a6201abc,BIOE,SDL/Total Operational Energy,kWh,Monthly,89883.4572504374,67232.6536866788,72125.0138547492,71659.7436431544,83254.853976343,83707.040027441,89782.4491616345,93655.8785127864,83499.6539066186,68608.3761609064,70832.3730861674,75902.6006144583
27f121a6-f0ba-4826-8049-9b0bb202997b,MSB,SDL/Total Operational Energy,kWh,Monthly,57900.4206255384,42489.3467327371,45595.7068669327,47361.542558825,54927.4955543866,55120.4254286798,59617.6362284134,62382.0466891081,56162.1808781274,43533.5110359972,44826.5322929672,47870.0614515414
341c5d3c-a46d-4553-80d8-2c11b83e21dd,HSE,SDL/Total Operational Energy,kWh,Monthly,111921.691044395,82101.7372414708,88204.3286843077,84661.5081721055,96614.957554246,96955.950294649,102748.371892233,108973.259332776,98539.423991432,83237.7184220294,85925.9208248521,91901.0180772014
3aca682b-80b7-463c-8e32-725f2aedbf8f,HSC,SDL/Total Operational Energy,kWh,Monthly,78935.3882369219,56762.9539762075,59848.6529085323,58114.0106552637,66893.5173914794,67410.0868583952,72254.3400374224,76105.5197535022,68546.0348145438,56280.7525279247,58845.7887078482,64527.4798505978
4290d91a-da44-11ed-83b8-e520a6201abc,OTS,SDL/Total Operational Energy,kWh,Monthly,1066.64351655534,679.16439641876,584.647554286127,532.385898832925,620.654325588609,640.768983647807,764.438953079444,780.385036499684,677.371565824182,498.652410181472,698.336690732227,912.956492576402
4290d968-da44-11ed-83b8-e520a6201abc,HCK,SDL/Total Operational Energy,kWh,Monthly,88722.9913817424,66157.6126453797,71384.6019645016,71663.0554148661,83551.5968317198,83952.1572205284,90135.6129221582,93992.8590373396,83776.1684106743,68249.8286317184,70186.1447730889,74835.1317258899
4290daa8-da44-11ed-83b8-e520a6201abc,OSB,SDL/Total Operational Energy,kWh,Monthly,1819.1292364083,1176.68116301149,1054.40462743757,997.560929217739,1165.87751052569,1198.01263570183,1413.17340078327,1443.43321617007,1304.62385551434,929.215739372943,1217.28960051119,1544.65540682765
42a706a2-da44-11ed-83b8-e520a6201abc,HSBB,SDL/Total Operational Energy,kWh,Monthly,214289.26700235,160127.320784993,174351.046556325,176611.954713987,205344.156840639,206591.64762668,220405.026769929,229924.100170716,204292.280973803,166914.36904824,168962.925440509,177286.796947721
42a706b4-da44-11ed-83b8-e520a6201abc,OCN,SDL/Total Operational Energy,kWh,Monthly,105901.141059062,79379.4060361992,85538.8824280435,84698.0079385388,98485.0777855911,99027.2057842143,105903.427422001,110819.98912386,98975.2365375493,81432.0415802535,83811.9189211618,89078.9697761385
42a70703-da44-11ed-83b8-e520a6201abc,OTB,SDL/Total Operational Energy,kWh,Monthly,44316.1156492456,31767.7113993518,33704.7251819194,35205.6136431753,40942.0446263069,41258.9965943691,45116.4234335719,46837.4894054868,42023.5280080318,32089.3055094389,33365.6263361944,36754.0498607622
42a70783-da44-11ed-83b8-e520a6201abc,OTS2,SDL/Total Operational Energy,kWh,Monthly,5261.671100945,3496.10212779595,3251.08587141612,2877.35020953923,3364.27106851727,3453.78755301481,3956.61974411775,4038.20138380053,3491.54001737102,2870.85507148437,3584.32946963411,4461.94798277972
5125d8bc-99ef-4be7-838e-5689957b71e6,HSI,SDL/Total Operational Energy,kWh,Monthly,286583.431456218,212604.36426844,229917.196927152,223639.238053449,258573.319822878,259889.464951676,274937.129329195,289216.144510792,257862.147651745,218756.752364305,224127.659161037,236840.772547195
68fcc08e-5cec-4700-8bba-bdfa0d2e303b,HSF,SDL/Total Operational Energy,kWh,Monthly,235066.747875683,171247.634595645,182795.49365021,182663.953594568,210717.626781674,211893.946303604,227931.271461806,238986.130467049,214352.21176988,173233.086843195,179384.65134065,194226.792717158
7237b167-7d14-40a1-86a4-81e307587310,HSH,SDL/Total Operational Energy,kWh,Monthly,271556.598563231,200501.707223901,215822.891459222,215550.896048279,247878.620479521,248534.971917459,265999.11621668,280095.37939933,251792.073764734,205004.236915181,210843.907944981,224432.251094199
81d62c4f-2c6c-4a71-9a6b-295a722484bc,UMSP,SDL/Total Operational Energy,kWh,Monthly,416204.131255757,311835.684827601,343605.979778975,349636.618933903,404440.168425694,405217.439772784,431316.759266451,452763.449717599,406127.405558091,330724.311700835,334945.466340863,348053.974039778
841ea18d-f130-4b55-97e0-f9534a41012b,SOCC,SDL/Total Operational Energy,kWh,Monthly,182034.121101692,125867.644712393,121515.239803502,104678.996297375,117698.371979623,119036.889383744,132046.979432803,137593.566447138,121746.901357388,107291.999227367,127347.797002931,151100.987619717
8780edad-1392-4ffc-9e0d-fdac29cc5cf4,HSJ,SDL/Total Operational Energy,kWh,Monthly,204763.045755706,151282.004792251,163375.552875463,160567.967809145,187278.943658536,188623.597798346,200824.482028934,209456.014982792,184932.710826272,155826.606137882,159794.370533239,169731.617035565
88bba704-118d-45ff-b2b8-2ecfc8055bdb,HHL,SDL/Total Operational Energy,kWh,Monthly,48338.3067241699,34405.5691287549,36180.3865911992,37681.9346357892,43909.2316867286,44301.9312918679,48625.9953752769,50416.2107782068,45106.1460050873,34332.3007180603,35906.5089788751,39872.7905523254
8b892b41-0fb8-4eea-bc5c-99c7c79673fd,OSS,SDL/Total Operational Energy,kWh,Monthly,2640.36728924836,1719.22678520771,1537.08960717055,1439.42033477722,1670.83044448724,1713.39918970393,2029.47836154787,2071.02362576366,1857.30055532556,1342.15634280697,1767.06572313561,2228.67647155492
ba8e8648-6f02-49f5-869b-9b071fa090ee,HSG,SDL/Total Operational Energy,kWh,Monthly,108315.161947264,78122.9401022964,82373.4690878791,79829.4274300299,92098.0639383575,92798.3473158783,99610.9686034893,104619.392863896,93550.3944627895,77445.3731743851,80948.1188560693,88713.6936041261
c38c3e8e-b31b-467f-814e-ca5f4a97fa85,HSK,SDL/Total Operational Energy,kWh,Monthly,283240.021173535,211367.422200099,232196.357142586,241547.6839844,277663.188832883,277048.3492499,297810.679499785,314924.445794249,285652.041644864,223342.482202898,226922.498467629,235062.569418402
c5324f6f-c35d-48f4-8546-48a065adce22,CHCL,SDL/Total Operational Energy,kWh,Monthly,100384.345446792,76079.3585330504,83574.6372529528,85603.6679004939,98400.7608592061,98579.073953909,104773.292079688,110267.081482464,99089.2136879808,80131.5128786169,80809.2079340018,83650.6999096201
c58b73ef-8527-4d04-847c-52722fc28cc8,SPG,SDL/Total Operational Energy,kWh,Monthly,292476.966303516,208564.283102617,203836.505634799,168208.506028257,187552.418984675,189466.316757512,204652.559530929,213668.808871702,187530.560269001,179352.337190984,206923.479858878,241165.765725443
d42e4ac9-8b10-4992-a735-29b01d010e75,HSD,SDL/Total Operational Energy,kWh,Monthly,261684.870837597,191410.820840428,204930.368106484,204606.507253399,235650.799383353,236682.612166081,254080.239586932,266845.450712276,239409.423358866,194372.669306605,200776.399840406,216211.103646908
de7e42db-af38-4120-ae54-20929aca1226,OCE,SDL/Total Operational Energy,kWh,Monthly,41355.9753597545,27948.1385366617,26607.063845607,24197.7882709718,28023.1049633706,28537.677735785,32300.0605543023,33402.7254039745,29816.871732871,23958.5349611543,28757.5545931507,34448.200348048
e5339e60-3b1d-47fb-98a4-806429523ddb,CHSB,SDL/Total Operational Energy,kWh,Monthly,17117.2015996622,12315.3013564674,13118.9475555544,13588.530063179,15675.7210064635,15783.4303480238,17153.7429179145,17987.7460079174,16235.5808851949,12449.0831112022,12749.8164773952,13784.9615171229
f4b56f76-09c3-4c24-8d09-c7d58a74e04d,UW MEDICAL CENTER,SDL/Total Operational Energy,kWh,Monthly,2527152.48398468,1994256.95727893,2231747.49897624,2241613.20944965,2569546.13966402,2566065.32107948,2667932.21279992,2822778.39138337,2531639.28367998,2151015.57811155,2148739.26643438,2153433.79138111
fb85c54b-5295-42dd-baeb-9547621318e4,UMCU,SDL/Total Operational Energy,kWh,Monthly,17699.8031800334,12246.6830743608,11312.9154551585,9018.29138572923,9583.97927388122,9674.3921405917,10662.40654729,11146.7305327216,9825.91945237045,9449.42319582082,12033.625365713,14852.1933471746
